{
  "algorithm": "genetic",
  "sequential": {
    "best_individual": [
      2.997877475934877,
      1.9966612555596925
    ],
    "best_value": 1.5652322844709447e-05,
    "time_taken": 2.8826732635498047
  },
  "parallel": {
    "epochs": [
      {
        "epoch": 1,
        "best_individual": [
          3.0504854041417278,
          2.2402762947859265
        ],
        "best_value": 0.06028147386740703
      },
      {
        "epoch": 2,
        "best_individual": [
          2.8431318747891794,
          1.9639947208760886
        ],
        "best_value": 0.02590398883194846
      },
      {
        "epoch": 3,
        "best_individual": [
          2.8431318747891794,
          1.9639947208760886
        ],
        "best_value": 0.02590398883194846
      }
    ],
    "time_taken": 29.094605445861816,
    "speed_up": -26.21193218231201,
    "efficiency": -2.1843276818593345
  },
  "n_processors": 12,
  "n_epochs": 3
}