{
  "algorithm": "genetic",
  "sequential": {
    "best_individual": [
      2.9959177345150922,
      1.9907482280316016
    ],
    "best_value": 0.00010226017604451222,
    "time_taken": 5.9041361808776855
  },
  "parallel": {
    "epochs": [
      {
        "epoch": 1,
        "best_individual": [
          2.9124123868627345,
          1.968892015940471
        ],
        "best_value": 0.00863929664733119
      },
      {
        "epoch": 2,
        "best_individual": [
          2.9124123868627345,
          1.968892015940471
        ],
        "best_value": 0.00863929664733119
      },
      {
        "epoch": 3,
        "best_individual": [
          3.003223435101954,
          1.9181953470069737
        ],
        "best_value": 0.0067023917851659585
      }
    ],
    "time_taken": 20.600744485855103,
    "speed_up": -14.696608304977417,
    "efficiency": -1.8370760381221771
  },
  "n_processors": 8,
  "n_epochs": 3
}