{
  "algorithm": "genetic",
  "sequential": {
    "best_individual": [
      3.018881559789241,
      1.9858402140600178
    ],
    "best_value": 0.0005570128379408055,
    "time_taken": 13.769500494003296
  },
  "parallel": {
    "epochs": [
      {
        "epoch": 1,
        "best_individual": [
          3.1263235584969866,
          1.970073363530139
        ],
        "best_value": 0.01685324500174081
      },
      {
        "epoch": 2,
        "best_individual": [
          2.9503084290586545,
          1.8821996658371538
        ],
        "best_value": 0.016346170951496996
      },
      {
        "epoch": 3,
        "best_individual": [
          3.0127819315381887,
          1.9694166535087336
        ],
        "best_value": 0.001098718856451799
      }
    ],
    "time_taken": 29.485892295837402,
    "speed_up": -15.716391801834106,
    "efficiency": -1.3096993168195088
  },
  "n_processors": 12,
  "n_epochs": 3
}