{
  "algorithm": "genetic",
  "sequential": {
    "best_individual": [
      3.0139904406849385,
      1.99786609786686
    ],
    "best_value": 0.00020028596887260115,
    "time_taken": 2.1798291206359863
  },
  "parallel": {
    "epochs": [
      {
        "epoch": 1,
        "best_individual": [
          2.9580103559258832,
          1.9706647130546444
        ],
        "best_value": 0.0026236892696373587
      },
      {
        "epoch": 2,
        "best_individual": [
          2.9580103559258832,
          1.9706647130546444
        ],
        "best_value": 0.0026236892696373587
      },
      {
        "epoch": 3,
        "best_individual": [
          2.9580103559258832,
          1.9706647130546444
        ],
        "best_value": 0.0026236892696373587
      }
    ],
    "time_taken": 14.943811416625977,
    "speed_up": -12.76398229598999,
    "efficiency": -3.1909955739974976
  },
  "n_processors": 4,
  "n_epochs": 3
}