{
  "algorithm": "genetic",
  "sequential": {
    "best_individual": [
      2.9994949605568504,
      1.9785774680076424
    ],
    "best_value": 0.00045917994180271973,
    "time_taken": 7.482016086578369
  },
  "parallel": {
    "epochs": [
      {
        "epoch": 1,
        "best_individual": [
          2.8876440878200587,
          1.882214661077196
        ],
        "best_value": 0.026497237066946514
      },
      {
        "epoch": 2,
        "best_individual": [
          2.8876440878200587,
          1.882214661077196
        ],
        "best_value": 0.026497237066946514
      },
      {
        "epoch": 3,
        "best_individual": [
          2.8876440878200587,
          1.882214661077196
        ],
        "best_value": 0.026497237066946514
      }
    ],
    "time_taken": 31.48306131362915,
    "speed_up": -24.00104522705078,
    "efficiency": -2.000087102254232
  },
  "n_processors": 12,
  "n_epochs": 3
}