{
  "algorithm": "genetic",
  "sequential": {
    "best_individual": [
      2.9977088777569074,
      1.9959226946857722
    ],
    "best_value": 2.187365975822372e-05,
    "time_taken": 7.602701902389526
  },
  "parallel": {
    "epochs": [
      {
        "epoch": 1,
        "best_individual": [
          2.9455738953365698,
          2.083635261895864
        ],
        "best_value": 0.009957057901224387
      },
      {
        "epoch": 2,
        "best_individual": [
          3.0625559516458623,
          2.041241500679784
        ],
        "best_value": 0.005614108464640093
      },
      {
        "epoch": 3,
        "best_individual": [
          3.0625559516458623,
          2.041241500679784
        ],
        "best_value": 0.005614108464640093
      }
    ],
    "time_taken": 21.726211071014404,
    "speed_up": -14.123509168624878,
    "efficiency": -1.7654386460781097
  },
  "n_processors": 8,
  "n_epochs": 3
}