{
  "algorithm": "genetic",
  "sequential": {
    "best_individual": [
      3.0560547372952134,
      1.9941456974811227
    ],
    "best_value": 0.0031764064312179187,
    "time_taken": 1.6512541770935059
  },
  "parallel": {
    "epochs": [
      {
        "epoch": 1,
        "best_individual": [
          3.0189854536814065,
          2.234932750916889
        ],
        "best_value": 0.05555384490486575
      },
      {
        "epoch": 2,
        "best_individual": [
          3.0189854536814065,
          2.07970782494947
        ],
        "best_value": 0.006713784809664189
      },
      {
        "epoch": 3,
        "best_individual": [
          3.0189854536814065,
          2.07970782494947
        ],
        "best_value": 0.006713784809664189
      }
    ],
    "time_taken": 14.68431568145752,
    "speed_up": -13.033061504364014,
    "efficiency": -3.2582653760910034
  },
  "n_processors": 4,
  "n_epochs": 3
}