{
  "algorithm": "genetic",
  "sequential": {
    "best_individual": [
      3.0026945664838904,
      2.0107193727960344
    ],
    "best_value": 0.00012216564167646823,
    "time_taken": 2.7307870388031006
  },
  "parallel": {
    "epochs": [
      {
        "epoch": 1,
        "best_individual": [
          3.155762612179537,
          2.142418620866143
        ],
        "best_value": 0.04454505492240707
      },
      {
        "epoch": 2,
        "best_individual": [
          3.155762612179537,
          2.142418620866143
        ],
        "best_value": 0.04454505492240707
      },
      {
        "epoch": 3,
        "best_individual": [
          3.155762612179537,
          2.142418620866143
        ],
        "best_value": 0.04454505492240707
      }
    ],
    "time_taken": 29.26693081855774,
    "speed_up": -26.53614377975464,
    "efficiency": -2.2113453149795532
  },
  "n_processors": 12,
  "n_epochs": 3
}