{
  "algorithm": "genetic",
  "sequential": {
    "best_individual": [
      3.0006069609300177,
      1.995876630115721
    ],
    "best_value": 1.73705807731476e-05,
    "time_taken": 7.015653371810913
  },
  "parallel": {
    "epochs": [
      {
        "epoch": 1,
        "best_individual": [
          3.0236688219684327,
          2.1361180757979628
        ],
        "best_value": 0.019088343692313294
      },
      {
        "epoch": 2,
        "best_individual": [
          3.0236688219684327,
          2.1361180757979628
        ],
        "best_value": 0.019088343692313294
      },
      {
        "epoch": 3,
        "best_individual": [
          2.902282702654796,
          1.931152153945503
        ],
        "best_value": 0.014288696106794702
      }
    ],
    "time_taken": 28.75215744972229,
    "speed_up": -21.736504077911377,
    "efficiency": -1.811375339825948
  },
  "n_processors": 12,
  "n_epochs": 3
}