{
  "algorithm": "genetic",
  "sequential": {
    "best_individual": [
      3.0115432566806266,
      2.0032435662002714
    ],
    "best_value": 0.00014376749649037423,
    "time_taken": 2.8336546421051025
  },
  "parallel": {
    "epochs": [
      {
        "epoch": 1,
        "best_individual": [
          2.963097923824624,
          2.0183597956128283
        ],
        "best_value": 0.0016988453209980984
      },
      {
        "epoch": 2,
        "best_individual": [
          2.963097923824624,
          2.0183597956128283
        ],
        "best_value": 0.0016988453209980984
      },
      {
        "epoch": 3,
        "best_individual": [
          2.963097923824624,
          2.0183597956128283
        ],
        "best_value": 0.0016988453209980984
      }
    ],
    "time_taken": 26.673240184783936,
    "speed_up": -23.839585542678833,
    "efficiency": -1.9866321285565693
  },
  "n_processors": 12,
  "n_epochs": 3
}