{
  "algorithm": "genetic",
  "sequential": {
    "best_individual": [
      2.7819246311857126,
      2.0256137005042585
    ],
    "best_value": 0.04821292813700931,
    "time_taken": 0.6607253551483154
  },
  "parallel": {
    "epochs": [
      {
        "epoch": 1,
        "best_individual": [
          3.067985791155474,
          2.301345911946511
        ],
        "best_value": 0.09543142644591021
      },
      {
        "epoch": 2,
        "best_individual": [
          3.067985791155474,
          2.301345911946511
        ],
        "best_value": 0.09543142644591021
      },
      {
        "epoch": 3,
        "best_individual": [
          2.949524454576833,
          1.8779369138025075
        ],
        "best_value": 0.017447177697822693
      }
    ],
    "time_taken": 14.880654335021973,
    "speed_up": -14.219928979873657,
    "efficiency": -3.5549822449684143
  },
  "n_processors": 4,
  "n_epochs": 3
}