{
  "algorithm": "genetic",
  "sequential": {
    "best_individual": [
      2.9981236673568215,
      1.991024404688576
    ],
    "best_value": 8.40819353823119e-05,
    "time_taken": 6.95589542388916
  },
  "parallel": {
    "epochs": [
      {
        "epoch": 1,
        "best_individual": [
          3.0003553600362416,
          1.9616951796680802
        ],
        "best_value": 0.0014673855414160174
      },
      {
        "epoch": 2,
        "best_individual": [
          3.0003553600362416,
          1.9616951796680802
        ],
        "best_value": 0.0014673855414160174
      },
      {
        "epoch": 3,
        "best_individual": [
          3.0003553600362416,
          1.9616951796680802
        ],
        "best_value": 0.0014673855414160174
      }
    ],
    "time_taken": 21.708736419677734,
    "speed_up": -14.752840995788574,
    "efficiency": -1.8441051244735718
  },
  "n_processors": 8,
  "n_epochs": 3
}