{
  "algorithm": "genetic",
  "sequential": {
    "best_individual": [
      3.0175221446878386,
      2.001944406063017
    ],
    "best_value": 0.00031080626939944877,
    "time_taken": 4.10996413230896
  },
  "parallel": {
    "epochs": [
      {
        "epoch": 1,
        "best_individual": [
          3.0166177315110168,
          1.8626130005615522
        ],
        "best_value": 0.019151336615272293
      },
      {
        "epoch": 2,
        "best_individual": [
          2.9677064322025,
          1.9709749101568357
        ],
        "best_value": 0.0018853303614954774
      },
      {
        "epoch": 3,
        "best_individual": [
          2.9677064322025,
          1.9709749101568357
        ],
        "best_value": 0.0018853303614954774
      }
    ],
    "time_taken": 21.354471921920776,
    "speed_up": -17.244507789611816,
    "efficiency": -2.155563473701477
  },
  "n_processors": 8,
  "n_epochs": 3
}