{
  "algorithm": "genetic",
  "sequential": {
    "best_individual": [
      3.0040882033243297,
      2.0231050333363236
    ],
    "best_value": 0.0005505559718936867,
    "time_taken": 1.691288948059082
  },
  "parallel": {
    "epochs": [
      {
        "epoch": 1,
        "best_individual": [
          3.1909925189245563,
          1.97370470244207
        ],
        "best_value": 0.03716958495880706
      },
      {
        "epoch": 2,
        "best_individual": [
          3.1821559267284476,
          1.989063736750426
        ],
        "best_value": 0.03330038349616356
      },
      {
        "epoch": 3,
        "best_individual": [
          3.1821559267284476,
          1.989063736750426
        ],
        "best_value": 0.03330038349616356
      }
    ],
    "time_taken": 21.383966207504272,
    "speed_up": -19.69267725944519,
    "efficiency": -2.461584657430649
  },
  "n_processors": 8,
  "n_epochs": 3
}