{
  "algorithm": "genetic",
  "sequential": {
    "best_individual": [
      3.0044044948945543,
      2.009978816509625
    ],
    "best_value": 0.00011897635420892068,
    "time_taken": 10.464792966842651
  },
  "parallel": {
    "epochs": [
      {
        "epoch": 1,
        "best_individual": [
          2.91782826154711,
          1.8996648764338526
        ],
        "best_value": 0.01681933162140425
      },
      {
        "epoch": 2,
        "best_individual": [
          2.91782826154711,
          1.8996648764338526
        ],
        "best_value": 0.01681933162140425
      },
      {
        "epoch": 3,
        "best_individual": [
          2.91782826154711,
          1.8996648764338526
        ],
        "best_value": 0.01681933162140425
      }
    ],
    "time_taken": 27.12298345565796,
    "speed_up": -16.658190488815308,
    "efficiency": -1.388182540734609
  },
  "n_processors": 12,
  "n_epochs": 3
}