{
  "algorithm": "genetic",
  "sequential": {
    "best_individual": [
      2.9979930786090287,
      2.003511280719934
    ],
    "best_value": 1.6356825763718255e-05,
    "time_taken": 11.28390645980835
  },
  "parallel": {
    "epochs": [
      {
        "epoch": 1,
        "best_individual": [
          3.073045630329537,
          2.0176043622803435
        ],
        "best_value": 0.005645577681536961
      },
      {
        "epoch": 2,
        "best_individual": [
          3.073045630329537,
          2.0176043622803435
        ],
        "best_value": 0.005645577681536961
      },
      {
        "epoch": 3,
        "best_individual": [
          3.073045630329537,
          2.0176043622803435
        ],
        "best_value": 0.005645577681536961
      }
    ],
    "time_taken": 29.61301589012146,
    "speed_up": -18.32910943031311,
    "efficiency": -1.5274257858594258
  },
  "n_processors": 12,
  "n_epochs": 3
}