{
  "algorithm": "genetic",
  "sequential": {
    "best_individual": [
      3.041187569481377,
      1.9956573925868866
    ],
    "best_value": 0.0017152741189276881,
    "time_taken": 2.361811876296997
  },
  "parallel": {
    "epochs": [
      {
        "epoch": 1,
        "best_individual": [
          2.991007644155172,
          2.0771553469041315
        ],
        "best_value": 0.0060338100195368866
      },
      {
        "epoch": 2,
        "best_individual": [
          2.991007644155172,
          2.0771553469041315
        ],
        "best_value": 0.0060338100195368866
      },
      {
        "epoch": 3,
        "best_individual": [
          3.0124775623390905,
          1.9319549880956552
        ],
        "best_value": 0.004785813206988308
      }
    ],
    "time_taken": 15.948268175125122,
    "speed_up": -13.586456298828125,
    "efficiency": -3.3966140747070312
  },
  "n_processors": 4,
  "n_epochs": 3
}