{
  "algorithm": "genetic",
  "sequential": {
    "best_individual": [
      3.052748291377026,
      1.9339350742470582
    ],
    "best_value": 0.007146956657937327,
    "time_taken": 0.7141141891479492
  },
  "parallel": {
    "epochs": [
      {
        "epoch": 1,
        "best_individual": [
          3.2975153447462047,
          2.528383910192151
        ],
        "best_value": 0.36770493690939987
      },
      {
        "epoch": 2,
        "best_individual": [
          3.157782597037643,
          1.5748679607698333
        ],
        "best_value": 0.20563259870794326
      },
      {
        "epoch": 3,
        "best_individual": [
          3.157782597037643,
          1.5748679607698333
        ],
        "best_value": 0.20563259870794326
      }
    ],
    "time_taken": 15.446308135986328,
    "speed_up": -14.732193946838379,
    "efficiency": -3.6830484867095947
  },
  "n_processors": 4,
  "n_epochs": 3
}