{
  "algorithm": "genetic",
  "sequential": {
    "best_individual": [
      2.9747672558487817,
      2.0055611935738713
    ],
    "best_value": 0.000667618251366911,
    "time_taken": 1.566110610961914
  },
  "parallel": {
    "epochs": [
      {
        "epoch": 1,
        "best_individual": [
          3.0169635862378676,
          2.056096393146765
        ],
        "best_value": 0.003434568582126003
      },
      {
        "epoch": 2,
        "best_individual": [
          3.0169635862378676,
          2.056096393146765
        ],
        "best_value": 0.003434568582126003
      },
      {
        "epoch": 3,
        "best_individual": [
          3.0169635862378676,
          2.056096393146765
        ],
        "best_value": 0.003434568582126003
      }
    ],
    "time_taken": 19.985498189926147,
    "speed_up": -18.419387578964233,
    "efficiency": -2.302423447370529
  },
  "n_processors": 8,
  "n_epochs": 3
}