{
  "algorithm": "genetic",
  "sequential": {
    "best_individual": [
      3.0915534348385973,
      1.9868599760888395
    ],
    "best_value": 0.00855469165913116,
    "time_taken": 0.6527249813079834
  },
  "parallel": {
    "epochs": [
      {
        "epoch": 1,
        "best_individual": [
          3.4303270161528236,
          1.6257710962960377
        ],
        "best_value": 0.3252286131984621
      },
      {
        "epoch": 2,
        "best_individual": [
          2.862925548936856,
          2.486946465064882
        ],
        "best_value": 0.2559062649734464
      },
      {
        "epoch": 3,
        "best_individual": [
          3.148593445020831,
          1.8284177919908835
        ],
        "best_value": 0.051520466008442393
      }
    ],
    "time_taken": 16.40864586830139,
    "speed_up": -15.755920886993408,
    "efficiency": -3.938980221748352
  },
  "n_processors": 4,
  "n_epochs": 3
}