{
  "algorithm": "genetic",
  "sequential": {
    "best_individual": [
      2.9784926400257974,
      1.983701294376619
    ],
    "best_value": 0.0007282143380575634,
    "time_taken": 1.4218459129333496
  },
  "parallel": {
    "epochs": [
      {
        "epoch": 1,
        "best_individual": [
          2.7930894293066015,
          1.9175899301351729
        ],
        "best_value": 0.04960340387979353
      },
      {
        "epoch": 2,
        "best_individual": [
          2.990190435026258,
          1.9175899301351729
        ],
        "best_value": 0.006887647180099757
      },
      {
        "epoch": 3,
        "best_individual": [
          2.990190435026258,
          1.9175899301351729
        ],
        "best_value": 0.006887647180099757
      }
    ],
    "time_taken": 17.91082000732422,
    "speed_up": -16.48897409439087,
    "efficiency": -4.122243523597717
  },
  "n_processors": 4,
  "n_epochs": 3
}