{
  "algorithm": "genetic",
  "sequential": {
    "best_individual": [
      3.0250936742191645,
      2.0025348941300836
    ],
    "best_value": 0.0006361181740682947,
    "time_taken": 3.500606060028076
  },
  "parallel": {
    "epochs": [
      {
        "epoch": 1,
        "best_individual": [
          2.9334209444677892,
          2.014675396804087
        ],
        "best_value": 0.004648137906918611
      },
      {
        "epoch": 2,
        "best_individual": [
          2.9334209444677892,
          2.014675396804087
        ],
        "best_value": 0.004648137906918611
      },
      {
        "epoch": 3,
        "best_individual": [
          2.9334209444677892,
          2.014675396804087
        ],
        "best_value": 0.004648137906918611
      }
    ],
    "time_taken": 22.75422954559326,
    "speed_up": -19.253623485565186,
    "efficiency": -2.406702935695648
  },
  "n_processors": 8,
  "n_epochs": 3
}