{
  "algorithm": "genetic",
  "sequential": {
    "best_individual": [
      3.0510062851755575,
      2.012683835773887
    ],
    "best_value": 0.002762520817349232,
    "time_taken": 2.928734064102173
  },
  "parallel": {
    "epochs": [
      {
        "epoch": 1,
        "best_individual": [
          2.8550080841019336,
          1.9227168558679928
        ],
        "best_value": 0.026995340042720552
      },
      {
        "epoch": 2,
        "best_individual": [
          2.8550080841019336,
          1.9227168558679928
        ],
        "best_value": 0.026995340042720552
      },
      {
        "epoch": 3,
        "best_individual": [
          2.8550080841019336,
          1.9227168558679928
        ],
        "best_value": 0.026995340042720552
      }
    ],
    "time_taken": 16.901240825653076,
    "speed_up": -13.972506761550903,
    "efficiency": -3.493126690387726
  },
  "n_processors": 4,
  "n_epochs": 3
}