{
  "algorithm": "genetic",
  "sequential": {
    "best_individual": [
      3.0920259957482368,
      1.89918653546929
    ],
    "best_value": 0.018632138524139204,
    "time_taken": 1.529064655303955
  },
  "parallel": {
    "epochs": [
      {
        "epoch": 1,
        "best_individual": [
          2.99331931464208,
          1.9842259477908533
        ],
        "best_value": 0.00029345227994841366
      },
      {
        "epoch": 2,
        "best_individual": [
          2.99331931464208,
          1.9842259477908533
        ],
        "best_value": 0.00029345227994841366
      },
      {
        "epoch": 3,
        "best_individual": [
          2.99835005331016,
          1.9842259477908533
        ],
        "best_value": 0.0002515430471762006
      }
    ],
    "time_taken": 15.99323296546936,
    "speed_up": -14.464168310165405,
    "efficiency": -3.6160420775413513
  },
  "n_processors": 4,
  "n_epochs": 3
}