{
  "algorithm": "genetic",
  "sequential": {
    "best_individual": [
      2.977186677673135,
      1.9988416538320704
    ],
    "best_value": 0.000521789441434192,
    "time_taken": 1.7480082511901855
  },
  "parallel": {
    "epochs": [
      {
        "epoch": 1,
        "best_individual": [
          2.9305758935780832,
          2.0030186481067007
        ],
        "best_value": 0.004828818788873712
      },
      {
        "epoch": 2,
        "best_individual": [
          2.9305758935780832,
          2.0030186481067007
        ],
        "best_value": 0.004828818788873712
      },
      {
        "epoch": 3,
        "best_individual": [
          2.9305758935780832,
          2.0030186481067007
        ],
        "best_value": 0.004828818788873712
      }
    ],
    "time_taken": 21.838863611221313,
    "speed_up": -20.090855360031128,
    "efficiency": -2.511356920003891
  },
  "n_processors": 8,
  "n_epochs": 3
}