{
  "algorithm": "genetic",
  "sequential": {
    "best_individual": [
      3.002180567829616,
      2.018329559139007
    ],
    "best_value": 0.0003407276142899155,
    "time_taken": 3.694021701812744
  },
  "parallel": {
    "epochs": [
      {
        "epoch": 1,
        "best_individual": [
          3.049662320496356,
          1.955621486664488
        ],
        "best_value": 0.00443579852295301
      },
      {
        "epoch": 2,
        "best_individual": [
          3.049662320496356,
          1.955621486664488
        ],
        "best_value": 0.00443579852295301
      },
      {
        "epoch": 3,
        "best_individual": [
          3.049662320496356,
          1.955621486664488
        ],
        "best_value": 0.00443579852295301
      }
    ],
    "time_taken": 19.8055522441864,
    "speed_up": -16.111530542373657,
    "efficiency": -2.013941317796707
  },
  "n_processors": 8,
  "n_epochs": 3
}