{
  "algorithm": "diff_ev",
  "sequential": {
    "best_individual": [
      3.9998158874378666,
      1.0003401370706753
    ],
    "best_value": 1.4959066238285598e-07,
    "time_taken": 3.717665433883667
  },
  "parallel": {
    "epochs": [
      {
        "epoch": 1,
        "best_individual": [
          3.9926861815802104,
          1.0085507915358698
        ],
        "best_value": 0.00012660797576755645
      },
      {
        "epoch": 2,
        "best_individual": [
          3.992903297935438,
          0.9977291261362504
        ],
        "best_value": 5.552004829821681e-05
      },
      {
        "epoch": 3,
        "best_individual": [
          4.0017790874333965,
          0.9943628949805652
        ],
        "best_value": 3.494210509580656e-05
      }
    ],
    "time_taken": 16.8979651927948,
    "speed_up": -13.180299758911133,
    "efficiency": -1.6475374698638916
  },
  "n_processors": 8,
  "n_epochs": 3
}