{
  "algorithm": "genetic",
  "sequential": {
    "best_individual": [
      3.9987877108830556,
      1.000110500501342
    ],
    "best_value": 1.4818552638586045e-06,
    "time_taken": 2.2219202518463135
  },
  "parallel": {
    "epochs": [
      {
        "epoch": 1,
        "best_individual": [
          3.993173986626151,
          1.003356860446893
        ],
        "best_value": 5.7862970639878825e-05
      },
      {
        "epoch": 2,
        "best_individual": [
          3.9974993269043693,
          0.997444845992051
        ],
        "best_value": 1.2782177935549413e-05
      },
      {
        "epoch": 3,
        "best_individual": [
          3.9974993269043693,
          0.997444845992051
        ],
        "best_value": 1.2782177935549413e-05
      }
    ],
    "time_taken": 13.182559490203857,
    "speed_up": -10.960639238357544,
    "efficiency": -2.740159809589386
  },
  "n_processors": 4,
  "n_epochs": 3
}