{
  "algorithm": "particle",
  "sequential": {
    "best_individual": [
      3.999918973367922,
      1.0000485298840598
    ],
    "best_value": 8.920464752775738e-09,
    "time_taken": 2.1217455863952637
  },
  "parallel": {
    "epochs": [
      {
        "epoch": 1,
        "best_individual": [
          3.996656613342186,
          0.9838770377911314
        ],
        "best_value": 0.0002711281447322513
      },
      {
        "epoch": 2,
        "best_individual": [
          4.003068731879023,
          0.9911183250377373
        ],
        "best_value": 8.830126548061561e-05
      },
      {
        "epoch": 3,
        "best_individual": [
          4.000133517050763,
          0.9921228088800204
        ],
        "best_value": 6.20679667435306e-05
      }
    ],
    "time_taken": 13.390948295593262,
    "speed_up": -11.269202709197998,
    "efficiency": -2.8173006772994995
  },
  "n_processors": 4,
  "n_epochs": 3
}