{
  "algorithm": "genetic",
  "sequential": {
    "best_individual": [
      3.9996484516362,
      0.9998071339839655
    ],
    "best_value": 1.6078355223142468e-07,
    "time_taken": 3.3482203483581543
  },
  "parallel": {
    "epochs": [
      {
        "epoch": 1,
        "best_individual": [
          3.9888647734747176,
          0.9958989067339519
        ],
        "best_value": 0.00014081223574617863
      },
      {
        "epoch": 2,
        "best_individual": [
          3.996392297485558,
          0.989385774554807
        ],
        "best_value": 0.0001256772992340921
      },
      {
        "epoch": 3,
        "best_individual": [
          3.996392297485558,
          0.989385774554807
        ],
        "best_value": 0.0001256772992340921
      }
    ],
    "time_taken": 22.466528177261353,
    "speed_up": -19.1183078289032,
    "efficiency": -1.5931923190752666
  },
  "n_processors": 12,
  "n_epochs": 3
}