{
  "algorithm": "genetic",
  "sequential": {
    "best_individual": [
      4.000447251250293,
      0.99897690214427
    ],
    "best_value": 1.2467629032877852e-06,
    "time_taken": 2.47991943359375
  },
  "parallel": {
    "epochs": [
      {
        "epoch": 1,
        "best_individual": [
          3.993570254893441,
          0.9789778186167382
        ],
        "best_value": 0.00048327373224607903
      },
      {
        "epoch": 2,
        "best_individual": [
          3.99076711433102,
          1.0067154120889457
        ],
        "best_value": 0.00013034293730081084
      },
      {
        "epoch": 3,
        "best_individual": [
          3.99076711433102,
          1.0067154120889457
        ],
        "best_value": 0.00013034293730081084
      }
    ],
    "time_taken": 17.295528888702393,
    "speed_up": -14.815609455108643,
    "efficiency": -1.8519511818885803
  },
  "n_processors": 8,
  "n_epochs": 3
}