{
  "algorithm": "genetic",
  "sequential": {
    "best_individual": [
      4.000126846448599,
      0.999715357329793
    ],
    "best_value": 9.711147122476657e-08,
    "time_taken": 3.3027217388153076
  },
  "parallel": {
    "epochs": [
      {
        "epoch": 1,
        "best_individual": [
          3.9927988423710334,
          0.992527970567125
        ],
        "best_value": 0.00010768789504297282
      },
      {
        "epoch": 2,
        "best_individual": [
          3.9912285530147797,
          1.0022026525129288
        ],
        "best_value": 8.178996030724122e-05
      },
      {
        "epoch": 3,
        "best_individual": [
          3.9938719654240065,
          1.0038671402190842
        ],
        "best_value": 5.250758123863076e-05
      }
    ],
    "time_taken": 22.436748266220093,
    "speed_up": -19.134026527404785,
    "efficiency": -1.5945022106170654
  },
  "n_processors": 12,
  "n_epochs": 3
}