{
  "algorithm": "particle",
  "sequential": {
    "best_individual": [
      3.9999419946701287,
      1.0000332345789091
    ],
    "best_value": 4.4691555287487616e-09,
    "time_taken": 11.415719032287598
  },
  "parallel": {
    "epochs": [
      {
        "epoch": 1,
        "best_individual": [
          3.999245289494113,
          0.9995927788921339
        ],
        "best_value": 7.354169783881122e-07
      },
      {
        "epoch": 2,
        "best_individual": [
          4.0000164313668245,
          0.9996881345124045
        ],
        "best_value": 9.753007216892627e-08
      },
      {
        "epoch": 3,
        "best_individual": [
          3.9999233451736034,
          0.9998492034426143
        ],
        "best_value": 2.8615564129276286e-08
      }
    ],
    "time_taken": 17.738628149032593,
    "speed_up": -6.322909116744995,
    "efficiency": -0.7903636395931244
  },
  "n_processors": 8,
  "n_epochs": 3
}