{
  "algorithm": "genetic",
  "sequential": {
    "best_individual": [
      3.999851653554397,
      1.0001928147649748
    ],
    "best_value": 5.918420151536683e-08,
    "time_taken": 13.409417390823364
  },
  "parallel": {
    "epochs": [
      {
        "epoch": 1,
        "best_individual": [
          4.0000628103541045,
          0.998542201389159
        ],
        "best_value": 2.1291219303528403e-06
      },
      {
        "epoch": 2,
        "best_individual": [
          4.0000628103541045,
          0.998542201389159
        ],
        "best_value": 2.1291219303528403e-06
      },
      {
        "epoch": 3,
        "best_individual": [
          4.0000628103541045,
          0.998542201389159
        ],
        "best_value": 2.1291219303528403e-06
      }
    ],
    "time_taken": 32.00616407394409,
    "speed_up": -18.596746683120728,
    "efficiency": -1.5497288902600606
  },
  "n_processors": 12,
  "n_epochs": 3
}