{
  "algorithm": "genetic",
  "sequential": {
    "best_individual": [
      3.996288036205146,
      1.0000092440481954
    ],
    "best_value": 1.377876066673519e-05,
    "time_taken": 0.7407050132751465
  },
  "parallel": {
    "epochs": [
      {
        "epoch": 1,
        "best_individual": [
          3.978128184602457,
          1.0320680179031714
        ],
        "best_value": 0.00150673408102231
      },
      {
        "epoch": 2,
        "best_individual": [
          3.9938624748363956,
          0.9951235111718629
        ],
        "best_value": 6.144935842482338e-05
      },
      {
        "epoch": 3,
        "best_individual": [
          3.9938624748363956,
          0.9951235111718629
        ],
        "best_value": 6.144935842482338e-05
      }
    ],
    "time_taken": 12.732975244522095,
    "speed_up": -11.992270231246948,
    "efficiency": -2.998067557811737
  },
  "n_processors": 4,
  "n_epochs": 3
}