{
  "algorithm": "genetic",
  "sequential": {
    "best_individual": [
      4.001192493112043,
      0.9976091629807434
    ],
    "best_value": 7.138141474918333e-06,
    "time_taken": 0.8157963752746582
  },
  "parallel": {
    "epochs": [
      {
        "epoch": 1,
        "best_individual": [
          3.9763686947372516,
          1.004541631554019
        ],
        "best_value": 0.0005790650055936597
      },
      {
        "epoch": 2,
        "best_individual": [
          4.001672459265174,
          0.9918027676686254
        ],
        "best_value": 6.999173788819785e-05
      },
      {
        "epoch": 3,
        "best_individual": [
          4.001672459265174,
          0.9918027676686254
        ],
        "best_value": 6.999173788819785e-05
      }
    ],
    "time_taken": 12.660851240158081,
    "speed_up": -11.845054864883423,
    "efficiency": -2.9612637162208557
  },
  "n_processors": 4,
  "n_epochs": 3
}