{
  "algorithm": "genetic",
  "sequential": {
    "best_individual": [
      3.9999147610296832,
      0.9997346613598886
    ],
    "best_value": 7.767027599680535e-08,
    "time_taken": 7.588335752487183
  },
  "parallel": {
    "epochs": [
      {
        "epoch": 1,
        "best_individual": [
          3.9986188451328815,
          0.999635932200612
        ],
        "best_value": 2.040134129516468e-06
      },
      {
        "epoch": 2,
        "best_individual": [
          3.9986188451328815,
          0.999635932200612
        ],
        "best_value": 2.040134129516468e-06
      },
      {
        "epoch": 3,
        "best_individual": [
          3.9986188451328815,
          0.999635932200612
        ],
        "best_value": 2.040134129516468e-06
      }
    ],
    "time_taken": 19.72807002067566,
    "speed_up": -12.139734268188477,
    "efficiency": -1.5174667835235596
  },
  "n_processors": 8,
  "n_epochs": 3
}