{
  "algorithm": "genetic",
  "sequential": {
    "best_individual": [
      3.9983280458241124,
      1.0010027315295507
    ],
    "best_value": 3.8009012866230344e-06,
    "time_taken": 4.725124835968018
  },
  "parallel": {
    "epochs": [
      {
        "epoch": 1,
        "best_individual": [
          3.9907278028504423,
          0.9985316655949705
        ],
        "best_value": 8.812964590525987e-05
      },
      {
        "epoch": 2,
        "best_individual": [
          3.9907278028504423,
          0.9985316655949705
        ],
        "best_value": 8.812964590525987e-05
      },
      {
        "epoch": 3,
        "best_individual": [
          3.993732172543674,
          1.0039859515322251
        ],
        "best_value": 5.517347063952106e-05
      }
    ],
    "time_taken": 17.12528896331787,
    "speed_up": -12.400164127349854,
    "efficiency": -1.5500205159187317
  },
  "n_processors": 8,
  "n_epochs": 3
}