{
  "algorithm": "genetic",
  "sequential": {
    "best_individual": [
      3.9997526632792475,
      0.9992917110813708
    ],
    "best_value": 5.62848645685485e-07,
    "time_taken": 3.469132661819458
  },
  "parallel": {
    "epochs": [
      {
        "epoch": 1,
        "best_individual": [
          4.000586108056988,
          0.9978748244057984
        ],
        "best_value": 4.8598939606567054e-06
      },
      {
        "epoch": 2,
        "best_individual": [
          4.000586108056988,
          0.9978748244057984
        ],
        "best_value": 4.8598939606567054e-06
      },
      {
        "epoch": 3,
        "best_individual": [
          4.000586108056988,
          0.9978748244057984
        ],
        "best_value": 4.8598939606567054e-06
      }
    ],
    "time_taken": 22.560474634170532,
    "speed_up": -19.091341972351074,
    "efficiency": -1.5909451643625896
  },
  "n_processors": 12,
  "n_epochs": 3
}