{
  "algorithm": "genetic",
  "sequential": {
    "best_individual": [
      3.996739491699588,
      0.9999843926189448
    ],
    "best_value": 1.0631157967399107e-05,
    "time_taken": 1.779439926147461
  },
  "parallel": {
    "epochs": [
      {
        "epoch": 1,
        "best_individual": [
          3.988866029917836,
          1.0028499598817688
        ],
        "best_value": 0.00013208756111821466
      },
      {
        "epoch": 2,
        "best_individual": [
          3.99679625357781,
          0.9968763846695725
        ],
        "best_value": 2.0020963870176214e-05
      },
      {
        "epoch": 3,
        "best_individual": [
          3.99679625357781,
          0.9968763846695725
        ],
        "best_value": 2.0020963870176214e-05
      }
    ],
    "time_taken": 17.024817943572998,
    "speed_up": -15.245378017425537,
    "efficiency": -1.9056722521781921
  },
  "n_processors": 8,
  "n_epochs": 3
}