{
  "algorithm": "genetic",
  "sequential": {
    "best_individual": [
      3.998769940775812,
      0.9976932852905501
    ],
    "best_value": 6.833978445802014e-06,
    "time_taken": 0.8622827529907227
  },
  "parallel": {
    "epochs": [
      {
        "epoch": 1,
        "best_individual": [
          4.006294012633965,
          0.9837469339742217
        ],
        "best_value": 0.0003037767502748128
      },
      {
        "epoch": 2,
        "best_individual": [
          4.006294012633965,
          0.9837469339742217
        ],
        "best_value": 0.0003037767502748128
      },
      {
        "epoch": 3,
        "best_individual": [
          4.006294012633965,
          0.9837469339742217
        ],
        "best_value": 0.0003037767502748128
      }
    ],
    "time_taken": 12.777163982391357,
    "speed_up": -11.914881229400635,
    "efficiency": -2.9787203073501587
  },
  "n_processors": 4,
  "n_epochs": 3
}