{
  "algorithm": "genetic",
  "sequential": {
    "best_individual": [
      4.000153684651431,
      0.9993539088322619
    ],
    "best_value": 4.410527691145162e-07,
    "time_taken": 3.1230356693267822
  },
  "parallel": {
    "epochs": [
      {
        "epoch": 1,
        "best_individual": [
          3.9908379545773918,
          0.9978471055323728
        ],
        "best_value": 8.857803091467642e-05
      },
      {
        "epoch": 2,
        "best_individual": [
          3.996926470650295,
          0.9992518999027273
        ],
        "best_value": 1.0006236419037791e-05
      },
      {
        "epoch": 3,
        "best_individual": [
          3.996926470650295,
          0.9992518999027273
        ],
        "best_value": 1.0006236419037791e-05
      }
    ],
    "time_taken": 22.48491334915161,
    "speed_up": -19.36187767982483,
    "efficiency": -1.613489806652069
  },
  "n_processors": 12,
  "n_epochs": 3
}