{
  "algorithm": "genetic",
  "sequential": {
    "best_individual": [
      3.9999092051915057,
      0.9997422668376971
    ],
    "best_value": 7.467008020018139e-08,
    "time_taken": 14.62663197517395
  },
  "parallel": {
    "epochs": [
      {
        "epoch": 1,
        "best_individual": [
          3.996872112709114,
          1.0028292324509394
        ],
        "best_value": 1.778823516593573e-05
      },
      {
        "epoch": 2,
        "best_individual": [
          3.996872112709114,
          1.0028292324509394
        ],
        "best_value": 1.778823516593573e-05
      },
      {
        "epoch": 3,
        "best_individual": [
          3.996872112709114,
          1.0028292324509394
        ],
        "best_value": 1.778823516593573e-05
      }
    ],
    "time_taken": 23.088951110839844,
    "speed_up": -8.462319135665894,
    "efficiency": -0.7051932613054911
  },
  "n_processors": 12,
  "n_epochs": 3
}