{
  "algorithm": "genetic",
  "sequential": {
    "best_individual": [
      3.9994467612415137,
      0.9975625163783362
    ],
    "best_value": 6.2473995297710244e-06,
    "time_taken": 2.3124756813049316
  },
  "parallel": {
    "epochs": [
      {
        "epoch": 1,
        "best_individual": [
          3.9887069693544315,
          0.9828383864418946
        ],
        "best_value": 0.0004220535210794975
      },
      {
        "epoch": 2,
        "best_individual": [
          4.000893208468919,
          0.9866836697464255
        ],
        "best_value": 0.00017812247279121174
      },
      {
        "epoch": 3,
        "best_individual": [
          4.000893208468919,
          0.9866836697464255
        ],
        "best_value": 0.00017812247279121174
      }
    ],
    "time_taken": 17.071621656417847,
    "speed_up": -14.759145975112915,
    "efficiency": -1.8448932468891144
  },
  "n_processors": 8,
  "n_epochs": 3
}