{
  "algorithm": "genetic",
  "sequential": {
    "best_individual": [
      3.998866805955386,
      1.000116210261634
    ],
    "best_value": 1.2976335676576662e-06,
    "time_taken": 1.4634449481964111
  },
  "parallel": {
    "epochs": [
      {
        "epoch": 1,
        "best_individual": [
          3.9876463804045232,
          0.9814207174602669
        ],
        "best_value": 0.0004978016568009774
      },
      {
        "epoch": 2,
        "best_individual": [
          3.9904194418542653,
          1.0102548142987346
        ],
        "best_value": 0.00019694831068533544
      },
      {
        "epoch": 3,
        "best_individual": [
          3.9904194418542653,
          1.0102548142987346
        ],
        "best_value": 0.00019694831068533544
      }
    ],
    "time_taken": 13.311405181884766,
    "speed_up": -11.847960233688354,
    "efficiency": -2.9619900584220886
  },
  "n_processors": 4,
  "n_epochs": 3
}