{
  "algorithm": "genetic",
  "sequential": {
    "best_individual": [
      3.9984755729528816,
      0.9998956913637892
    ],
    "best_value": 2.3347581135743282e-06,
    "time_taken": 2.5250511169433594
  },
  "parallel": {
    "epochs": [
      {
        "epoch": 1,
        "best_individual": [
          4.001187190505477,
          0.9646735935233848
        ],
        "best_value": 0.0012493644158473368
      },
      {
        "epoch": 2,
        "best_individual": [
          3.991389417248493,
          1.0032658828270522
        ],
        "best_value": 8.480812596058532e-05
      },
      {
        "epoch": 3,
        "best_individual": [
          4.002418063262267,
          0.9927025050719115
        ],
        "best_value": 5.910046216580292e-05
      }
    ],
    "time_taken": 17.148520708084106,
    "speed_up": -14.623469591140747,
    "efficiency": -1.8279336988925934
  },
  "n_processors": 8,
  "n_epochs": 3
}