{
  "algorithm": "genetic",
  "sequential": {
    "best_individual": [
      3.9997523503243375,
      0.999859991299367
    ],
    "best_value": 8.093279810868179e-08,
    "time_taken": 6.8327319622039795
  },
  "parallel": {
    "epochs": [
      {
        "epoch": 1,
        "best_individual": [
          3.9945088021317097,
          1.0001847619696536
        ],
        "best_value": 3.0187391014146545e-05
      },
      {
        "epoch": 2,
        "best_individual": [
          3.9945088021317097,
          1.0001847619696536
        ],
        "best_value": 3.0187391014146545e-05
      },
      {
        "epoch": 3,
        "best_individual": [
          4.001061540868644,
          0.9955579422780026
        ],
        "best_value": 2.08587458213579e-05
      }
    ],
    "time_taken": 17.22952890396118,
    "speed_up": -10.396796941757202,
    "efficiency": -1.2995996177196503
  },
  "n_processors": 8,
  "n_epochs": 3
}