{
  "algorithm": "genetic",
  "sequential": {
    "best_individual": [
      4.000012902774593,
      0.9995449825119246
    ],
    "best_value": 2.072073960466524e-07,
    "time_taken": 11.413434982299805
  },
  "parallel": {
    "epochs": [
      {
        "epoch": 1,
        "best_individual": [
          3.99777999143624,
          0.9992922445336669
        ],
        "best_value": 5.4293558232912315e-06
      },
      {
        "epoch": 2,
        "best_individual": [
          3.9996455510567688,
          0.9993557690210734
        ],
        "best_value": 5.406676075664942e-07
      },
      {
        "epoch": 3,
        "best_individual": [
          3.9996455510567688,
          0.9993557690210734
        ],
        "best_value": 5.406676075664942e-07
      }
    ],
    "time_taken": 24.999205589294434,
    "speed_up": -13.585770606994629,
    "efficiency": -1.6982213258743286
  },
  "n_processors": 8,
  "n_epochs": 3
}