{
  "algorithm": "particle",
  "sequential": {
    "best_individual": [
      4.000014049962638,
      0.9999558258166019
    ],
    "best_value": 2.148759929009965e-09,
    "time_taken": 2.2621283531188965
  },
  "parallel": {
    "epochs": [
      {
        "epoch": 1,
        "best_individual": [
          3.9999366423754594,
          0.9953454584955836
        ],
        "best_value": 2.166877080492188e-05
      },
      {
        "epoch": 2,
        "best_individual": [
          4.000212606663107,
          0.9990307937067509
        ],
        "best_value": 9.845624320711353e-07
      },
      {
        "epoch": 3,
        "best_individual": [
          4.000082955402671,
          0.9993898229231659
        ],
        "best_value": 3.7919766392604095e-07
      }
    ],
    "time_taken": 12.779444456100464,
    "speed_up": -10.517316102981567,
    "efficiency": -2.629329025745392
  },
  "n_processors": 4,
  "n_epochs": 3
}