{
  "algorithm": "genetic",
  "sequential": {
    "best_individual": [
      3.9976037832479037,
      1.002253694950401
    ],
    "best_value": 1.0820995652490369e-05,
    "time_taken": 1.7075035572052002
  },
  "parallel": {
    "epochs": [
      {
        "epoch": 1,
        "best_individual": [
          3.9992606256256007,
          0.9959896990388774
        ],
        "best_value": 1.6629188264299596e-05
      },
      {
        "epoch": 2,
        "best_individual": [
          3.9994623185112843,
          0.9959896990388774
        ],
        "best_value": 1.6371615182088755e-05
      },
      {
        "epoch": 3,
        "best_individual": [
          3.9994623185112843,
          0.9959896990388774
        ],
        "best_value": 1.6371615182088755e-05
      }
    ],
    "time_taken": 13.424068927764893,
    "speed_up": -11.716565370559692,
    "efficiency": -2.929141342639923
  },
  "n_processors": 4,
  "n_epochs": 3
}