{
  "algorithm": "particle",
  "sequential": {
    "best_individual": [
      3.999663698006688,
      1.000226660323059
    ],
    "best_value": 1.6447393275483393e-07,
    "time_taken": 1.104137897491455
  },
  "parallel": {
    "epochs": [
      {
        "epoch": 1,
        "best_individual": [
          3.9863105544925914,
          0.9977439017023101
        ],
        "best_value": 0.00019249089782914832
      },
      {
        "epoch": 2,
        "best_individual": [
          4.000960196327317,
          0.9949401317432807
        ],
        "best_value": 2.6524243762349294e-05
      },
      {
        "epoch": 3,
        "best_individual": [
          3.9999783046159654,
          0.9999430183637731
        ],
        "best_value": 3.7175965555064754e-09
      }
    ],
    "time_taken": 12.897635698318481,
    "speed_up": -11.793497800827026,
    "efficiency": -2.9483744502067566
  },
  "n_processors": 4,
  "n_epochs": 3
}