{
  "algorithm": "diff_ev",
  "sequential": {
    "best_individual": [
      14.320178728210452,
      1.3595602774936602
    ],
    "best_value": -6396.287324133301,
    "time_taken": 4.41147255897522
  },
  "parallel": {
    "epochs": [
      {
        "epoch": 1,
        "best_individual": [
          14.334239086950774,
          1.3467257329422955
        ],
        "best_value": -6408.885410969655
      },
      {
        "epoch": 2,
        "best_individual": [
          14.315737451199643,
          1.309256212522876
        ],
        "best_value": -6449.114235616887
      },
      {
        "epoch": 3,
        "best_individual": [
          14.312373601442529,
          1.3085225641073897
        ],
        "best_value": -6450.070967191732
      }
    ],
    "time_taken": 18.72601056098938,
    "speed_up": -14.31453800201416,
    "efficiency": -3.57863450050354
  },
  "n_processors": 4,
  "n_epochs": 3
}