{
  "algorithm": "diff_ev",
  "sequential": {
    "best_individual": [
      14.250291170922775,
      1.1916106626294938
    ],
    "best_value": -6576.789948373149,
    "time_taken": 17.239182710647583
  },
  "parallel": {
    "epochs": [
      {
        "epoch": 1,
        "best_individual": [
          14.253264145595336,
          1.1938255148032135
        ],
        "best_value": -6574.278443816972
      },
      {
        "epoch": 2,
        "best_individual": [
          14.252901470436386,
          1.1924663827735165
        ],
        "best_value": -6575.740290659105
      },
      {
        "epoch": 3,
        "best_individual": [
          14.252901470436386,
          1.1924663827735165
        ],
        "best_value": -6575.740290659105
      }
    ],
    "time_taken": 22.03060221672058,
    "speed_up": -4.791419506072998,
    "efficiency": -1.1978548765182495
  },
  "n_processors": 4,
  "n_epochs": 3
}