{
  "algorithm": "genetic",
  "sequential": {
    "best_individual": [
      14.378786891399479,
      1.4951474216266791
    ],
    "best_value": -6252.650818792701,
    "time_taken": 8.727129220962524
  },
  "parallel": {
    "epochs": [
      {
        "epoch": 1,
        "best_individual": [
          14.449868371709682,
          1.6567312146875204
        ],
        "best_value": -6083.94740913279
      },
      {
        "epoch": 2,
        "best_individual": [
          14.449868371709682,
          1.6567312146875204
        ],
        "best_value": -6083.94740913279
      },
      {
        "epoch": 3,
        "best_individual": [
          14.329359784030924,
          1.339447502701104
        ],
        "best_value": -6416.760312185222
      }
    ],
    "time_taken": 17.952542066574097,
    "speed_up": -9.225412845611572,
    "efficiency": -2.306353211402893
  },
  "n_processors": 4,
  "n_epochs": 3
}