{
  "algorithm": "diff_ev",
  "sequential": {
    "best_individual": [
      14.31131877730017,
      1.3498365849105625
    ],
    "best_value": -6406.9236381221335,
    "time_taken": 3.9090943336486816
  },
  "parallel": {
    "epochs": [
      {
        "epoch": 1,
        "best_individual": [
          14.463764531214412,
          1.6864663062851646
        ],
        "best_value": -6053.1525807569
      },
      {
        "epoch": 2,
        "best_individual": [
          14.469781113875225,
          1.673244421364829
        ],
        "best_value": -6066.105344091754
      },
      {
        "epoch": 3,
        "best_individual": [
          14.469173293204127,
          1.6726979607258303
        ],
        "best_value": -6066.692405555623
      }
    ],
    "time_taken": 17.720821857452393,
    "speed_up": -13.811727523803711,
    "efficiency": -3.4529318809509277
  },
  "n_processors": 4,
  "n_epochs": 3
}