{
  "algorithm": "diff_ev",
  "sequential": {
    "best_individual": [
      14.331761657611366,
      1.370968410695426
    ],
    "best_value": -6383.752495721235,
    "time_taken": 16.314427852630615
  },
  "parallel": {
    "epochs": [
      {
        "epoch": 1,
        "best_individual": [
          14.305828371052883,
          1.2829014520521838
        ],
        "best_value": -6477.326241957615
      },
      {
        "epoch": 2,
        "best_individual": [
          14.300718979918797,
          1.2713257885794174
        ],
        "best_value": -6489.783516069807
      },
      {
        "epoch": 3,
        "best_individual": [
          14.300676294856737,
          1.2712255212676395
        ],
        "best_value": -6489.891395404173
      }
    ],
    "time_taken": 33.89958477020264,
    "speed_up": -17.58515691757202,
    "efficiency": -1.4654297431310017
  },
  "n_processors": 12,
  "n_epochs": 3
}