{
  "algorithm": "genetic",
  "sequential": {
    "best_individual": [
      14.270564880352032,
      1.2490560901612748
    ],
    "best_value": -6514.907069717065,
    "time_taken": 6.5413501262664795
  },
  "parallel": {
    "epochs": [
      {
        "epoch": 1,
        "best_individual": [
          14.450435884530444,
          1.7229498243731176
        ],
        "best_value": -6017.31188103744
      },
      {
        "epoch": 2,
        "best_individual": [
          14.450435884530444,
          1.7229498243731176
        ],
        "best_value": -6017.31188103744
      },
      {
        "epoch": 3,
        "best_individual": [
          14.429419936689106,
          1.630183360038124
        ],
        "best_value": -6111.993466104567
      }
    ],
    "time_taken": 17.22390365600586,
    "speed_up": -10.68255352973938,
    "efficiency": -2.670638382434845
  },
  "n_processors": 4,
  "n_epochs": 3
}