{
  "algorithm": "diff_ev",
  "sequential": {
    "best_individual": [
      14.44043315450772,
      1.6420879624107971
    ],
    "best_value": -6099.299801272011,
    "time_taken": 14.299082517623901
  },
  "parallel": {
    "epochs": [
      {
        "epoch": 1,
        "best_individual": [
          14.25044421159215,
          1.1607173999932607
        ],
        "best_value": -6609.621520943609
      },
      {
        "epoch": 2,
        "best_individual": [
          14.250181924880708,
          1.1601503876609904
        ],
        "best_value": -6610.239483486127
      },
      {
        "epoch": 3,
        "best_individual": [
          14.250180823970881,
          1.1601450569496632
        ],
        "best_value": -6610.245219395349
      }
    ],
    "time_taken": 29.289923667907715,
    "speed_up": -14.990841150283813,
    "efficiency": -1.2492367625236511
  },
  "n_processors": 12,
  "n_epochs": 3
}