{
  "algorithm": "particle",
  "sequential": {
    "best_individual": [
      14.25,
      1.1615425634537915
    ],
    "best_value": -6608.767035153849,
    "time_taken": 11.078827381134033
  },
  "parallel": {
    "epochs": [
      {
        "epoch": 1,
        "best_individual": [
          14.25,
          1.1670549100302243
        ],
        "best_value": -6602.899963927616
      },
      {
        "epoch": 2,
        "best_individual": [
          14.25,
          1.1611573638414991
        ],
        "best_value": -6609.177151097066
      },
      {
        "epoch": 3,
        "best_individual": [
          14.25,
          1.1611573638414991
        ],
        "best_value": -6609.177151097066
      }
    ],
    "time_taken": 17.089680433273315,
    "speed_up": -6.010853052139282,
    "efficiency": -1.5027132630348206
  },
  "n_processors": 4,
  "n_epochs": 3
}