{
  "algorithm": "genetic",
  "sequential": {
    "best_individual": [
      3.998415339243855,
      1.0007809731045019
    ],
    "best_value": 3.1210687020218452e-06,
    "time_taken": 2.2261013984680176
  },
  "parallel": {
    "epochs": [
      {
        "epoch": 1,
        "best_individual": [
          4.000401499098077,
          0.9981166414638531
        ],
        "best_value": 3.708240901433645e-06
      },
      {
        "epoch": 2,
        "best_individual": [
          4.000401499098077,
          0.9981166414638531
        ],
        "best_value": 3.708240901433645e-06
      },
      {
        "epoch": 3,
        "best_individual": [
          4.000401499098077,
          0.9981166414638531
        ],
        "best_value": 3.708240901433645e-06
      }
    ],
    "time_taken": 13.109300136566162,
    "speed_up": -10.883198738098145,
    "efficiency": -2.720799684524536
  },
  "n_processors": 4,
  "n_epochs": 3
}