{
  "algorithm": "diff_ev",
  "sequential": {
    "best_individual": [
      3.9983830401982514,
      1.0013225576538776
    ],
    "best_value": 4.363717748300954e-06,
    "time_taken": 15.788641452789307
  },
  "parallel": {
    "epochs": [
      {
        "epoch": 1,
        "best_individual": [
          4.000504912756545,
          0.9988642285850837
        ],
        "best_value": 1.544913598663087e-06
      },
      {
        "epoch": 2,
        "best_individual": [
          3.999814196877071,
          0.9994784211896272
        ],
        "best_value": 3.065672559201795e-07
      },
      {
        "epoch": 3,
        "best_individual": [
          3.999814196877071,
          0.9994784211896272
        ],
        "best_value": 3.065672559201795e-07
      }
    ],
    "time_taken": 22.510483503341675,
    "speed_up": -6.721842050552368,
    "efficiency": -0.5601535042126974
  },
  "n_processors": 12,
  "n_epochs": 3
}