{
  "algorithm": "genetic",
  "sequential": {
    "best_individual": [
      3.999123846158579,
      1.0002872533244247
    ],
    "best_value": 8.501600262294864e-07,
    "time_taken": 4.5553576946258545
  },
  "parallel": {
    "epochs": [
      {
        "epoch": 1,
        "best_individual": [
          3.992980253074169,
          1.0009424033572898
        ],
        "best_value": 5.0164970990545844e-05
      },
      {
        "epoch": 2,
        "best_individual": [
          3.992980253074169,
          1.0009424033572898
        ],
        "best_value": 5.0164970990545844e-05
      },
      {
        "epoch": 3,
        "best_individual": [
          3.992980253074169,
          1.0009424033572898
        ],
        "best_value": 5.0164970990545844e-05
      }
    ],
    "time_taken": 17.944335460662842,
    "speed_up": -13.388977766036987,
    "efficiency": -1.6736222207546234
  },
  "n_processors": 8,
  "n_epochs": 3
}