{
  "algorithm": "diff_ev",
  "sequential": {
    "best_individual": [
      4.000222058653545,
      0.9993471906881884
    ],
    "best_value": 4.754700432021257e-07,
    "time_taken": 9.997729301452637
  },
  "parallel": {
    "epochs": [
      {
        "epoch": 1,
        "best_individual": [
          3.999936954776185,
          1.0
        ],
        "best_value": 3.974700245863187e-09
      },
      {
        "epoch": 2,
        "best_individual": [
          3.999936954776185,
          1.0
        ],
        "best_value": 3.974700245863187e-09
      },
      {
        "epoch": 3,
        "best_individual": [
          3.999936954776185,
          1.0
        ],
        "best_value": 3.974700245863187e-09
      }
    ],
    "time_taken": 22.9016695022583,
    "speed_up": -12.903940200805664,
    "efficiency": -1.0753283500671387
  },
  "n_processors": 12,
  "n_epochs": 3
}