{
  "algorithm": "genetic",
  "sequential": {
    "best_individual": [
      3.9987234864073464,
      0.9999450462964542
    ],
    "best_value": 1.6325068617627295e-06,
    "time_taken": 5.979511499404907
  },
  "parallel": {
    "epochs": [
      {
        "epoch": 1,
        "best_individual": [
          3.9915586067932667,
          1.0004357229713694
        ],
        "best_value": 7.144697377846236e-05
      },
      {
        "epoch": 2,
        "best_individual": [
          3.9915586067932667,
          1.0004357229713694
        ],
        "best_value": 7.144697377846236e-05
      },
      {
        "epoch": 3,
        "best_individual": [
          4.000887555035804,
          0.9980325261361995
        ],
        "best_value": 4.658707346318331e-06
      }
    ],
    "time_taken": 22.65855836868286,
    "speed_up": -16.679046869277954,
    "efficiency": -1.3899205724398296
  },
  "n_processors": 12,
  "n_epochs": 3
}