{
  "algorithm": "genetic",
  "sequential": {
    "best_individual": [
      3.998828172193207,
      0.9988560160964812
    ],
    "best_value": 2.6818795802836897e-06,
    "time_taken": 2.476764440536499
  },
  "parallel": {
    "epochs": [
      {
        "epoch": 1,
        "best_individual": [
          3.9927483738783076,
          0.9973481616521098
        ],
        "best_value": 5.9618328032152315e-05
      },
      {
        "epoch": 2,
        "best_individual": [
          3.9927483738783076,
          0.9973481616521098
        ],
        "best_value": 5.9618328032152315e-05
      },
      {
        "epoch": 3,
        "best_individual": [
          3.999136183816704,
          0.9973481616521098
        ],
        "best_value": 7.7784250218648e-06
      }
    ],
    "time_taken": 12.902706146240234,
    "speed_up": -10.425941705703735,
    "efficiency": -2.606485426425934
  },
  "n_processors": 4,
  "n_epochs": 3
}