{
  "algorithm": "genetic",
  "sequential": {
    "best_individual": [
      3.999306874757021,
      0.9988251687506192
    ],
    "best_value": 1.8606510669765176e-06,
    "time_taken": 1.9328014850616455
  },
  "parallel": {
    "epochs": [
      {
        "epoch": 1,
        "best_individual": [
          3.9873433989570044,
          0.9942589597175726
        ],
        "best_value": 0.00019314909348601119
      },
      {
        "epoch": 2,
        "best_individual": [
          3.9930565676471974,
          1.00804606606642
        ],
        "best_value": 0.00011295043198314292
      },
      {
        "epoch": 3,
        "best_individual": [
          3.9930565676471974,
          1.00804606606642
        ],
        "best_value": 0.00011295043198314292
      }
    ],
    "time_taken": 18.60002112388611,
    "speed_up": -16.667219638824463,
    "efficiency": -2.083402454853058
  },
  "n_processors": 8,
  "n_epochs": 3
}