{
  "algorithm": "genetic",
  "sequential": {
    "best_individual": [
      4.00010533887079,
      0.9995026749588171
    ],
    "best_value": 2.5842847428685527e-07,
    "time_taken": 3.4695188999176025
  },
  "parallel": {
    "epochs": [
      {
        "epoch": 1,
        "best_individual": [
          3.9884337400156693,
          0.9960355993221348
        ],
        "best_value": 0.00014949484275978745
      },
      {
        "epoch": 2,
        "best_individual": [
          3.9884337400156693,
          0.9960355993221348
        ],
        "best_value": 0.00014949484275978745
      },
      {
        "epoch": 3,
        "best_individual": [
          3.9884337400156693,
          0.9960355993221348
        ],
        "best_value": 0.00014949484275978745
      }
    ],
    "time_taken": 17.56204843521118,
    "speed_up": -14.092529535293579,
    "efficiency": -3.5231323838233948
  },
  "n_processors": 4,
  "n_epochs": 3
}