{
  "algorithm": "genetic",
  "sequential": {
    "best_individual": [
      3.9996841112764603,
      0.9997095776835054
    ],
    "best_value": 1.8413080757761957e-07,
    "time_taken": 11.724534511566162
  },
  "parallel": {
    "epochs": [
      {
        "epoch": 1,
        "best_individual": [
          3.9923336007705017,
          1.001351050238277
        ],
        "best_value": 6.0599013892400394e-05
      },
      {
        "epoch": 2,
        "best_individual": [
          3.9923336007705017,
          1.001351050238277
        ],
        "best_value": 6.0599013892400394e-05
      },
      {
        "epoch": 3,
        "best_individual": [
          3.9923336007705017,
          1.001351050238277
        ],
        "best_value": 6.0599013892400394e-05
      }
    ],
    "time_taken": 22.788513898849487,
    "speed_up": -11.063979387283325,
    "efficiency": -0.9219982822736105
  },
  "n_processors": 12,
  "n_epochs": 3
}