{
  "algorithm": "genetic",
  "sequential": {
    "best_individual": [
      4.000637382173898,
      0.9956938569321071
    ],
    "best_value": 1.8949124156765104e-05,
    "time_taken": 0.8656589984893799
  },
  "parallel": {
    "epochs": [
      {
        "epoch": 1,
        "best_individual": [
          3.97822055581029,
          0.9988692042379064
        ],
        "best_value": 0.00047562288826825705
      },
      {
        "epoch": 2,
        "best_individual": [
          3.97822055581029,
          0.9988692042379064
        ],
        "best_value": 0.00047562288826825705
      },
      {
        "epoch": 3,
        "best_individual": [
          3.9917948074211913,
          1.0042985632348953
        ],
        "best_value": 8.580283113973085e-05
      }
    ],
    "time_taken": 13.350056886672974,
    "speed_up": -12.484397888183594,
    "efficiency": -3.1210994720458984
  },
  "n_processors": 4,
  "n_epochs": 3
}