{
  "algorithm": "particle",
  "sequential": {
    "best_individual": [
      14.25,
      1.1612962294408185
    ],
    "best_value": -6609.029301153508,
    "time_taken": 23.968465566635132
  },
  "parallel": {
    "epochs": [
      {
        "epoch": 1,
        "best_individual": [
          14.25,
          1.1611337537820834
        ],
        "best_value": -6609.202288899917
      },
      {
        "epoch": 2,
        "best_individual": [
          14.25,
          1.3007744685007325
        ],
        "best_value": -6609.202288899917
      },
      {
        "epoch": 3,
        "best_individual": [
          14.25,
          1.1600249268220237
        ],
        "best_value": -6610.3829360377185
      }
    ],
    "time_taken": 29.16170883178711,
    "speed_up": -5.1932432651519775,
    "efficiency": -0.4327702720959981
  },
  "n_processors": 12,
  "n_epochs": 3
}